epoch,val_loss
1,0.17325
2,0.11583
3,0.10642
4,0.09657
5,0.09241
6,0.08885
7,0.09326
8,0.09028
9,0.08624
10,0.08231
11,0.08262
12,0.08324
13,0.07967
