epoch,val_loss
1,0.11540
2,0.08378
3,0.07735
4,0.06924
5,0.06824
6,0.06456
7,0.06779
8,0.06684
9,0.06554
10,0.06186
11,0.06026
12,0.06845
13,0.06929
14,0.06426
15,0.06314
16,0.06636
17,0.06484
18,0.06602
19,0.06579
20,0.05964
