epoch,val_loss
1,0.11540
2,0.08378
3,0.07735
4,0.06924
5,0.06824
6,0.06456
7,0.06779
8,0.06684
9,0.06554
10,0.06186
11,0.06026
12,0.06845
13,0.06929
14,0.06426
15,0.06314
16,0.06636
17,0.06484
18,0.06602
19,0.06579
20,0.05964
21,0.06398
22,0.05960
23,0.06206
24,0.05792
25,0.05818
26,0.05524
27,0.05683
28,0.05927
29,0.05801
30,0.05533
31,0.05043
32,0.05252
33,0.05097
34,0.05423
35,0.05090
